{
    "LLM_Refinement": {
        "NPMI": 0.25810575862132024,
        "Topic_Diversity": 0.5488888888888889,
        "NMI": 64.39167081314216,
        "Accuracy": 59.227296866702076
    },
    "BERTopic": {
        "NPMI": 0.26630131612420893,
        "Topic_Diversity": 0.31555555555555553,
        "NMI": 45.59473576648575,
        "Accuracy": 30.868295273499736
    },
    "LDA": {
        "NPMI": 0.1436017714032227,
        "Topic_Diversity": 0.18888888888888888,
        "NMI": 22.093734031971117,
        "Accuracy": 21.826872012745618
    },
    "SeededLDA": {
        "NPMI": -0.12432134405693183,
        "Topic_Diversity": 0.5822222222222222,
        "NMI": 45.29833938807676,
        "Accuracy": 39.08656399362719
    },
    "CorEX": {
        "NPMI": 0.2558526743989912, 
        "Topic_Diversity": 0.5, 
        "NMI": 15.795241081073291, 
        "Accuracy": 18.53425385023898
    }
}