{
    "LLM_Refinement": {
        "NPMI": 0.312377975176408,
        "Topic_Diversity": 0.668235294117647,
        "NMI": 53.53342321703818,
        "Accuracy": 47.888888888888886
    },
    "BERTopic": {
        "NPMI": 0.2442837575202385,
        "Topic_Diversity": 0.5364705882352941,
        "NMI": 49.13580596133284,
        "Accuracy": 36.71111111111111
    },
    "LDA": {
        "NPMI": 0.23233966649125307,
        "Topic_Diversity": 0.25176470588235295,
        "NMI": 9.672169683718673,
        "Accuracy": 19.68888888888889
    },
    "SeededLDA": {
        "NPMI": -0.14473593893890296,
        "Topic_Diversity": 0.5882352941176471,
        "NMI": 20.13054525827942,
        "Accuracy": 20.666666666666668
    },
    "CorEX": {
        "NPMI": 0.2924306555903832,
        "Topic_Diversity": 0.4,
        "NMI": 31.47046822889969,
        "Accuracy": 36.888888888888886
    }
}