{
    "LLM_Refinement": {
        "NPMI": 0.2986543214781263,
        "Topic_Diversity": 0.6984615384615385,
        "NMI": 48.19281856685191,
        "Accuracy": 47.51111111111111
    },
    "BERTopic": {
        "NPMI": 0.21444057211598774,
        "Topic_Diversity": 0.5138461538461538,
        "NMI": 47.2899769400371,
        "Accuracy": 40.33333333333333
    },
    "LDA": {
        "NPMI": 0.22398437000459062,
        "Topic_Diversity": 0.25846153846153846,
        "NMI": 9.903779890411188,
        "Accuracy": 21.622222222222224
    },
    "SeededLDA": {
        "NPMI": -0.15022694036595052,
        "Topic_Diversity": 0.5815384615384616,
        "NMI": 20.498235078026074,
        "Accuracy": 24.57777777777778
    },
    "CorEX": {
        "NPMI": 0.27491166603162426,
        "Topic_Diversity": 0.4,
        "NMI": 28.895676399908222,
        "Accuracy": 31.711111111111112
    }
}