{
    "LLM_Refinement": {
        "NPMI": 0.3177621579453413,
        "Topic_Diversity": 0.646,
        "NMI": 56.678011057413556,
        "Accuracy": 45.955555555555556
    },
    "BERTopic": {
        "NPMI": 0.24835356868252695,
        "Topic_Diversity": 0.536,
        "NMI": 49.86516100485451,
        "Accuracy": 37.37777777777778
    },
    "LDA": {
        "NPMI": 0.2627027200890255,
        "Topic_Diversity": 0.264,
        "NMI": 9.192485554739351,
        "Accuracy": 15.222222222222223
    },
    "SeededLDA": {
        "NPMI": -0.14058627416880454,
        "Topic_Diversity": 0.556,
        "NMI": 25.34061382211867,
        "Accuracy": 26.377777777777776
    },
    "CorEX": {
        "NPMI": 0.28871275986978295,
        "Topic_Diversity": 0.4,
        "NMI": 27.896815875957852,
        "Accuracy": 32.24444444444444
    }
}