{
    "LLM_Refinement": {
        "NPMI": 0.15489414894789474,
        "Topic_Diversity": 0.8,
        "NMI": 39.011160652826405,
        "Accuracy": 28.999999999999996
    },
    "BERTopic": {
        "NPMI": 0.07985417548313166,
        "Topic_Diversity": 0.52,
        "NMI": 6.123109023599267,
        "Accuracy": 14.28888888888889
    },
    "LDA": {
        "NPMI": 0.10674966604728628,
        "Topic_Diversity": 0.3333333333333333,
        "NMI": 3.5129747122775146,
        "Accuracy": 15.488888888888889
    },
    "SeededLDA": {
        "NPMI": -0.13978044843906529,
        "Topic_Diversity": 0.6533333333333333,
        "NMI": 5.63404897233479,
        "Accuracy": 19.933333333333334
    },
    "CorEX": {
        "NPMI": 0.14106756972472417,
        "Topic_Diversity": 0.4,
        "NMI": 10.578809918644794,
        "Accuracy": 19.311111111111114
    }
}